sample_size,hidden_dim,p_error
100,201,0.54598
200,461,0.47077
500,501,0.31811
1000,501,0.21405
2000,421,0.16967
5000,281,0.15762